{"loss": [0.4063565135002136, 0.11908189952373505, 0.11041232198476791, 0.10693446546792984, 0.10431645065546036, 0.10220450907945633, 0.10034257173538208, 0.09868831187486649, 0.0974004715681076, 0.09564030170440674], "accuracy": [0.8352519273757935, 0.933005690574646, 0.9353792667388916, 0.9363664984703064, 0.9372684359550476, 0.9378046989440918, 0.9385237693786621, 0.9391149282455444, 0.9394988417625427, 0.9402910470962524], "val_loss": [0.13228856027126312, 0.11932098865509033, 0.11668618768453598, 0.11847219616174698, 0.11704422533512115, 0.11563078314065933, 0.11826346069574356, 0.11946602910757065, 0.1186985969543457, 0.11870934814214706], "val_accuracy": [0.929614245891571, 0.9310058355331421, 0.9313720464706421, 0.929882824420929, 0.9303954839706421, 0.929272472858429, 0.9293457269668579, 0.9285644292831421, 0.929516613483429, 0.930249035358429]}