{"loss": [0.23167011141777039, 0.11228495836257935, 0.10654136538505554, 0.1024097353219986, 0.09862469136714935, 0.09518653899431229, 0.09228617697954178, 0.08961372822523117, 0.0870714858174324, 0.08536858856678009, 0.08358249813318253, 0.0821976438164711, 0.08097060769796371, 0.07913032174110413, 0.07764416933059692, 0.07692886888980865, 0.07710911333560944, 0.07577314972877502, 0.07550811767578125, 0.07393168658018112, 0.07188631594181061, 0.07004324346780777, 0.06999313831329346, 0.06744077801704407, 0.06658636778593063, 0.06598305702209473, 0.0635402575135231, 0.062934510409832, 0.061360783874988556, 0.06033030152320862, 0.05952811241149902, 0.05814235284924507, 0.05640261620283127, 0.05537118390202522, 0.05437171831727028, 0.053990840911865234, 0.052456993609666824, 0.05300213396549225, 0.051744189113378525, 0.05020852014422417, 0.04977532848715782, 0.048876360058784485, 0.0482197068631649, 0.0482812374830246, 0.047204311937093735, 0.04734623804688454, 0.04518159106373787, 0.04513169825077057, 0.04489246383309364, 0.04419414699077606, 0.0431908518075943, 0.04356304183602333, 0.04239298030734062, 0.04269343987107277, 0.041536636650562286, 0.0414428636431694, 0.04100707545876503, 0.04143602401018143, 0.041428837925195694, 0.03991043195128441, 0.038999222218990326, 0.03917374834418297, 0.04076654836535454, 0.040408387780189514, 0.03896613046526909, 0.03807280585169792, 0.03919591009616852, 0.038026634603738785, 0.037451375275850296, 0.0403614267706871, 0.03728850185871124, 0.03717532008886337, 0.03759457543492317, 0.0375484935939312, 0.037897318601608276, 0.03854361176490784, 0.0369538813829422, 0.03615070506930351, 0.03564633056521416, 0.03684461489319801, 0.0357796736061573, 0.03564505651593208, 0.03542513772845268, 0.03656085580587387, 0.03549988940358162, 0.03477717563509941, 0.03732389584183693, 0.035325150936841965, 0.03477776423096657, 0.035476189106702805, 0.03331724554300308, 0.035081688314676285, 0.035126056522130966, 0.034834861755371094, 0.03419242799282074, 0.03386009484529495, 0.03364529833197594, 0.03330610319972038, 0.03323338180780411, 0.034631241112947464], "accuracy": [0.89580899477005, 0.9344237446784973, 0.9360166788101196, 0.9373294115066528, 0.9387000203132629, 0.9399914741516113, 0.9412920475006104, 0.9422209858894348, 0.943609893321991, 0.9446576237678528, 0.9452820420265198, 0.9465886950492859, 0.9471613168716431, 0.9491745829582214, 0.9497532844543457, 0.9507005214691162, 0.9506152272224426, 0.9514558911323547, 0.9526559710502625, 0.9540996551513672, 0.9557200074195862, 0.9575962424278259, 0.9582237005233765, 0.9594724774360657, 0.9608126282691956, 0.9613669514656067, 0.9629690647125244, 0.9640015959739685, 0.9651559591293335, 0.965618908405304, 0.9667488932609558, 0.9675804376602173, 0.9688687920570374, 0.9698617458343506, 0.9706018567085266, 0.9714120626449585, 0.9722587466239929, 0.9725572466850281, 0.9732182025909424, 0.9741745591163635, 0.9743390679359436, 0.9749817252159119, 0.9756975173950195, 0.9761147499084473, 0.9764620065689087, 0.9763218760490417, 0.9774183630943298, 0.9777047038078308, 0.9779849052429199, 0.9787067770957947, 0.9793097972869873, 0.9791666865348816, 0.9794955849647522, 0.9793890118598938, 0.9800530076026917, 0.9803941249847412, 0.9807991981506348, 0.9804702997207642, 0.9804215431213379, 0.9812865257263184, 0.9819322824478149, 0.9818530678749084, 0.9813200831413269, 0.9814814925193787, 0.981874406337738, 0.9823891520500183, 0.9821881055831909, 0.9824835658073425, 0.9828216433525085, 0.9820753931999207, 0.9828977584838867, 0.9828734397888184, 0.9830622673034668, 0.9829891324043274, 0.9827028512954712, 0.9827241897583008, 0.9830683469772339, 0.9837445020675659, 0.9836257100105286, 0.9836561679840088, 0.9837079644203186, 0.9840521216392517, 0.984228789806366, 0.9838419556617737, 0.9844602942466736, 0.9845547080039978, 0.9835495948791504, 0.9842745065689087, 0.9842348694801331, 0.9838815927505493, 0.9848044514656067, 0.9843323826789856, 0.9845607876777649, 0.9844024181365967, 0.9847831130027771, 0.9848744869232178, 0.9851090312004089, 0.9850816130638123, 0.9850876927375793, 0.9848744869232178], "val_loss": [0.13427284359931946, 0.11189184337854385, 0.11094756424427032, 0.1111137717962265, 0.11235632747411728, 0.11386632919311523, 0.12325714528560638, 0.12671038508415222, 0.13533619046211243, 0.1405094861984253, 0.14259186387062073, 0.1488301306962967, 0.15534865856170654, 0.16309748589992523, 0.16525299847126007, 0.1719551384449005, 0.17629842460155487, 0.1766931712627411, 0.18075405061244965, 0.1822805106639862, 0.19082465767860413, 0.20477628707885742, 0.20085971057415009, 0.2089095562696457, 0.205234557390213, 0.21122941374778748, 0.21872909367084503, 0.22788779437541962, 0.23597893118858337, 0.2425146847963333, 0.2512705326080322, 0.25886183977127075, 0.2662218511104584, 0.26812711358070374, 0.29154616594314575, 0.28078752756118774, 0.282626211643219, 0.2792462110519409, 0.2895764410495758, 0.29283761978149414, 0.29785609245300293, 0.3097580671310425, 0.31492164731025696, 0.319428026676178, 0.32590436935424805, 0.3185890316963196, 0.337089478969574, 0.3455369174480438, 0.34127122163772583, 0.3421202301979065, 0.33761075139045715, 0.34161561727523804, 0.364651620388031, 0.35876786708831787, 0.35306891798973083, 0.35730651021003723, 0.366489976644516, 0.3728353679180145, 0.3671826124191284, 0.36740025877952576, 0.3776512145996094, 0.3726041913032532, 0.37260472774505615, 0.37522080540657043, 0.37477388978004456, 0.36552152037620544, 0.3703760504722595, 0.38186460733413696, 0.37571588158607483, 0.3667367100715637, 0.3732840120792389, 0.36602669954299927, 0.3608812689781189, 0.36685910820961, 0.3661580979824066, 0.37069642543792725, 0.3667740225791931, 0.38164347410202026, 0.377470999956131, 0.36419373750686646, 0.39817535877227783, 0.38589078187942505, 0.3742164075374603, 0.38180339336395264, 0.38092371821403503, 0.3898535370826721, 0.38286566734313965, 0.38326337933540344, 0.380886435508728, 0.38313835859298706, 0.37466466426849365, 0.3806599974632263, 0.38281506299972534, 0.3948000967502594, 0.39806121587753296, 0.39917370676994324, 0.3923845589160919, 0.3975677192211151, 0.408008873462677, 0.3888714909553528],