{"loss": [0.5487446188926697, 0.206370547413826, 0.1663612723350525, 0.1504126787185669, 0.14073634147644043, 0.13379037380218506, 0.12845385074615479, 0.12387131154537201, 0.11996760964393616, 0.11621605604887009, 0.11269878596067429, 0.10931675881147385, 0.10609076172113419, 0.1032179668545723, 0.10026200860738754, 0.09742134064435959, 0.09469825774431229, 0.09233924001455307, 0.09013443440198898, 0.0879397764801979, 0.0858495756983757, 0.083799809217453, 0.08196283131837845, 0.08055958896875381, 0.07858045399188995, 0.07702629268169403, 0.07565469294786453, 0.07411689311265945, 0.07259120792150497, 0.07148770987987518, 0.07033556699752808, 0.06872279196977615, 0.0675627663731575, 0.06688353419303894, 0.06570716202259064, 0.06444132328033447, 0.06333830952644348, 0.0623757541179657, 0.06178542599081993, 0.06059575080871582, 0.05975539982318878, 0.05918564274907112, 0.05808725208044052, 0.057459987699985504, 0.05679955333471298, 0.05605980381369591, 0.055089712142944336, 0.05464576184749603, 0.053822003304958344, 0.05345836281776428], "accuracy": [0.7965308427810669, 0.9081353545188904, 0.9187073707580566, 0.9234253168106079, 0.9265472888946533, 0.9288529753684998, 0.9311555624008179, 0.9332236647605896, 0.9354836940765381, 0.9378136992454529, 0.9396503567695618, 0.9416362047195435, 0.9437835216522217, 0.9455714225769043, 0.9472953081130981, 0.9489248394966125, 0.9505786895751953, 0.9520041346549988, 0.953335165977478, 0.9545778632164001, 0.955899715423584, 0.9569352865219116, 0.9580500721931458, 0.959043025970459, 0.9599202275276184, 0.9607121348381042, 0.9613243341445923, 0.962091863155365, 0.9627863168716431, 0.9636391401290894, 0.9640442132949829, 0.9649244546890259, 0.9655244946479797, 0.9658412337303162, 0.966587483882904, 0.9672453999519348, 0.9675925970077515, 0.9680190086364746, 0.9683235883712769, 0.9690424203872681, 0.9692952036857605, 0.9697977304458618, 0.9704251885414124, 0.9706109762191772, 0.9710130095481873, 0.9713175892829895, 0.9717714190483093, 0.9719907641410828, 0.9724963307380676, 0.9726303815841675], "val_loss": [0.26913243532180786, 0.2075715959072113, 0.1981053650379181, 0.19718989729881287, 0.20051221549510956, 0.20578131079673767, 0.21188053488731384, 0.2190970480442047, 0.22664809226989746, 0.23462271690368652, 0.24500513076782227, 0.2557190954685211, 0.26601719856262207, 0.2817547917366028, 0.2955363690853119, 0.3102976381778717, 0.32807379961013794, 0.3421155512332916, 0.3572053611278534, 0.3648241460323334, 0.380899041891098, 0.3978983461856842, 0.41095131635665894, 0.42508476972579956, 0.44015321135520935, 0.4533267021179199, 0.45743560791015625, 0.48387613892555237, 0.4974451959133148, 0.5043543577194214, 0.5196368098258972, 0.5354939103126526, 0.5516446828842163, 0.5488654375076294, 0.565735936164856, 0.5714432001113892, 0.5965716242790222, 0.6243904232978821, 0.6258469223976135, 0.6383358836174011, 0.6363662481307983, 0.6564027070999146, 0.6737903356552124, 0.6885606050491333, 0.6706392765045166, 0.6804012060165405, 0.7057005763053894, 0.7030851244926453, 0.7253724932670593, 0.7245182991027832], "val_accuracy": [0.887890636920929, 0.901660144329071, 0.902172863483429, 0.901416003704071, 0.9001220464706421, 0.8991454839706421, 0.897998034954071, 0.8973144292831421, 0.8963867425918579, 0.895703136920929, 0.894604504108429, 0.893261730670929, 0.8919677734375, 0.8907226324081421, 0.8896728754043579, 0.8883056640625, 0.886889636516571, 0.885791003704071, 0.8849121332168579, 0.8848876953125, 0.883618175983429, 0.8821777105331421, 0.8821045160293579, 0.8810058832168579, 0.8797363042831421, 0.8796631097793579, 0.879833996295929, 0.8785400390625, 0.8786376714706421, 0.879931628704071, 0.8788086175918579, 0.8790527582168579, 0.8775390386581421, 0.879101574420929, 0.8785644769668579, 0.878369152545929, 0.87841796875, 0.876708984375, 0.8768554925918579, 0.877490222454071, 0.877392590045929, 0.8773193359375, 0.876660168170929, 0.876538097858429, 0.8772217035293579, 0.8777831792831421, 0.877001941204071, 0.8772948980331421, 0.8772217035293579, 0.878173828125]}