{"loss": [1.2095731496810913, 0.40717172622680664, 0.2669423818588257, 0.21698787808418274, 0.19082212448120117, 0.17421278357505798, 0.16266219317913055, 0.15406110882759094, 0.14732523262500763, 0.1418912708759308, 0.137426495552063, 0.13367915153503418, 0.13048096001148224, 0.1276881843805313, 0.12525968253612518, 0.12308849394321442, 0.12116502970457077, 0.11942733824253082, 0.11785050481557846, 0.11643196642398834, 0.11510539799928665, 0.11389220505952835, 0.11276254802942276, 0.11175074428319931, 0.11071594059467316, 0.10974527150392532, 0.10884465277194977, 0.10799543559551239, 0.1071474552154541, 0.10638248920440674], "accuracy": [0.5467470288276672, 0.8550238609313965, 0.8953173756599426, 0.9075571894645691, 0.9147663712501526, 0.9196628928184509, 0.9227129220962524, 0.9249768257141113, 0.9269177913665771, 0.9281365871429443, 0.9291207790374756, 0.9300622940063477, 0.9309032559394836, 0.9315888285636902, 0.9322073459625244, 0.9327436089515686, 0.9332067966461182, 0.9338375329971313, 0.9342488646507263, 0.9347242116928101, 0.9352726340293884, 0.9357144832611084, 0.936211109161377, 0.936406135559082, 0.9366864562034607, 0.9370429515838623, 0.9375457167625427, 0.9377650618553162, 0.9381428956985474, 0.9387187957763672], "val_loss": [0.5683515071868896, 0.34600886702537537, 0.2792912423610687, 0.2520706057548523, 0.2383786141872406, 0.2315748631954193, 0.22949466109275818, 0.22985699772834778, 0.23119182884693146, 0.2344290018081665, 0.2364019900560379, 0.24320070445537567, 0.2439706027507782, 0.2524817883968353, 0.25377219915390015, 0.2595807909965515, 0.26559433341026306, 0.2721407413482666, 0.27802592515945435, 0.2843770384788513, 0.29049763083457947, 0.29704782366752625, 0.30359140038490295, 0.3104139566421509, 0.3171669840812683, 0.3226054608821869, 0.32988476753234863, 0.3364924490451813, 0.34345492720603943, 0.3450395166873932], "val_accuracy": [0.8172363042831421, 0.872143566608429, 0.884814441204071, 0.889697253704071, 0.8925536870956421, 0.8937011957168579, 0.893115222454071, 0.892578125, 0.892333984375, 0.891528308391571, 0.8908935785293579, 0.890307605266571, 0.8896484375, 0.8890625238418579, 0.8885253667831421, 0.887939453125, 0.8870605230331421, 0.8863281011581421, 0.8857666254043579, 0.8853759765625, 0.884472668170929, 0.883837878704071, 0.883349597454071, 0.882885754108429, 0.882031261920929, 0.881665050983429, 0.8810058832168579, 0.8804687261581421, 0.8802734613418579, 0.8798828125]}