{"loss": [2.5454418659210205, 0.7202051877975464, 0.5242823958396912, 0.43936043977737427, 0.3859960734844208, 0.35156702995300293, 0.32841190695762634, 0.31203413009643555, 0.2996962368488312, 0.2900097966194153, 0.28212296962738037, 0.275482177734375, 0.26981908082962036, 0.26494207978248596, 0.2606632113456726, 0.2569187879562378, 0.2535269856452942, 0.25044435262680054, 0.24764767289161682, 0.24501579999923706, 0.24249151349067688, 0.24009309709072113, 0.237837553024292, 0.23563897609710693, 0.23354306817054749, 0.23134905099868774, 0.22935545444488525, 0.2275918871164322, 0.22555789351463318, 0.22370903193950653, 0.22182844579219818, 0.219966322183609, 0.21831722557544708, 0.2165295034646988, 0.21499288082122803, 0.21345379948616028, 0.2120024710893631, 0.21055400371551514, 0.20962819457054138, 0.20879071950912476, 0.20850566029548645, 0.2078184187412262, 0.20634420216083527, 0.20429742336273193, 0.20290404558181763, 0.20136021077632904, 0.20078904926776886, 0.19942550361156464, 0.1988072395324707, 0.19773951172828674, 0.19674448668956757, 0.19760388135910034, 0.1958395540714264, 0.1941213458776474, 0.19268028438091278, 0.19150088727474213, 0.1907307654619217, 0.1896398514509201, 0.18894073367118835, 0.1882597804069519, 0.18811745941638947, 0.18750552833080292, 0.18717515468597412, 0.18574810028076172, 0.18393421173095703, 0.1821669042110443, 0.18118596076965332, 0.18062107264995575, 0.18094338476657867, 0.17960751056671143, 0.17903022468090057, 0.17791762948036194, 0.17688943445682526, 0.17543244361877441, 0.17414118349552155, 0.1728895902633667, 0.1732071191072464, 0.1723952740430832, 0.17121446132659912, 0.17015431821346283, 0.16983146965503693, 0.1687638759613037, 0.16725072264671326, 0.16699127852916718, 0.1661464124917984, 0.1664041131734848, 0.1668933480978012, 0.166312113404274, 0.1653156280517578, 0.1651756316423416, 0.16485950350761414, 0.16357038915157318, 0.16262148320674896, 0.16196399927139282, 0.16165530681610107, 0.1614569127559662, 0.16081376373767853, 0.16102062165737152, 0.16048046946525574, 0.1609712392091751], "accuracy": [0.5911417603492737, 0.8812585473060608, 0.8973497152328491, 0.9074139595031738, 0.9141295552253723, 0.9191540479660034, 0.9229536652565002, 0.9256715774536133, 0.9277282953262329, 0.9293187856674194, 0.930546760559082, 0.9315370321273804, 0.9326674342155457, 0.93359375, 0.9343250393867493, 0.9348399639129639, 0.935388445854187, 0.9359399080276489, 0.9363543391227722, 0.9368053078651428, 0.9373111128807068, 0.937771201133728, 0.938170313835144, 0.9386426210403442, 0.9390051960945129, 0.9394927620887756, 0.93997722864151, 0.9403976798057556, 0.9407815933227539, 0.9412630200386047, 0.9417200684547424, 0.9422167539596558, 0.9425915479660034, 0.9430089592933655, 0.9433228373527527, 0.9436610341072083, 0.9439230561256409, 0.9443374872207642, 0.9445568323135376, 0.9447548985481262, 0.9447853565216064, 0.9451266527175903, 0.9453003406524658, 0.9457482099533081, 0.9460224509239197, 0.9464520812034607, 0.9468238353729248, 0.9471955299377441, 0.9474514722824097, 0.9476708769798279, 0.9478141069412231, 0.9478994011878967, 0.9481340050697327, 0.9485728144645691, 0.9489384293556213, 0.9493040442466736, 0.9496818780899048, 0.9498525261878967, 0.9500901699066162, 0.9503979086875916, 0.9505106806755066, 0.9507575035095215, 0.9507696628570557, 0.9512358903884888, 0.9516441822052002, 0.9521774053573608, 0.9523967504501343, 0.9526679515838623, 0.9527014493942261, 0.9529604911804199, 0.9530762434005737, 0.953472375869751, 0.9537313580513, 0.9540695548057556, 0.9544413089752197, 0.9547063708305359, 0.9547795057296753, 0.9548892378807068, 0.9553036093711853, 0.9555321335792542, 0.9556448459625244, 0.9558703303337097, 0.9562999606132507, 0.9564035534858704, 0.956683874130249, 0.9567021727561951, 0.9565101861953735, 0.9566473364830017, 0.9568758606910706, 0.9570251703262329, 0.9570373296737671, 0.9573450684547424, 0.9575157165527344, 0.9578264951705933, 0.9578052163124084, 0.9579575657844543, 0.9580946564674377, 0.9579118490219116, 0.9581617116928101, 0.9580885767936707], "val_loss": [0.569771409034729, 0.3607788383960724, 0.31738215684890747, 0.29135698080062866, 0.2776797413825989, 0.2711990475654602, 0.2696792483329773, 0.27053919434547424, 0.2730782926082611, 0.2767253816127777, 0.28123679757118225, 0.28601568937301636, 0.29111742973327637, 0.2967974543571472, 0.3026527464389801, 0.3090859353542328, 0.31540757417678833, 0.32226601243019104, 0.3293164074420929, 0.33612674474716187, 0.34373265504837036, 0.3508096933364868, 0.3584696352481842, 0.36488181352615356, 0.3728347420692444, 0.37905311584472656, 0.387209415435791, 0.39402055740356445, 0.39976388216018677, 0.4074126183986664, 0.41344109177589417, 0.41986751556396484, 0.4274674952030182, 0.43470320105552673, 0.4411095976829529, 0.44793930649757385, 0.45620232820510864, 0.46264249086380005, 0.4682696461677551, 0.46851760149002075, 0.4733838140964508, 0.4767698645591736, 0.4807450771331787, 0.4905242919921875, 0.49714985489845276, 0.5046252608299255, 0.5101224184036255, 0.5129726529121399, 0.5217093825340271, 0.5245949029922485, 0.5324085354804993, 0.5398865938186646, 0.5481554269790649, 0.5494827628135681, 0.5572664141654968, 0.5652955770492554, 0.5728383660316467, 0.5865703821182251, 0.5885420441627502, 0.5940807461738586, 0.6060754060745239, 0.6207327842712402, 0.6333540678024292, 0.6372679471969604, 0.6528879404067993, 0.6621934771537781, 0.6696763634681702, 0.6691938638687134, 0.6907389760017395, 0.7071775197982788, 0.7156630754470825, 0.7189666628837585, 0.7237263917922974, 0.7330449819564819, 0.7418877482414246, 0.7501328587532043, 0.7592217922210693, 0.7700284719467163, 0.7742948532104492, 0.784162700176239, 0.7893024682998657, 0.7984654307365417, 0.8028400540351868, 0.818723201751709, 0.8279407620429993, 0.8146780133247375, 0.8242209553718567, 0.8307926058769226, 0.8261438608169556, 0.8267356753349304, 0.8254351615905762, 0.8289890289306641, 0.8381576538085938, 0.8446500897407532, 0.8407255411148071, 0.8380178213119507, 0.8298126459121704, 0.8329002261161804, 0.8273183703422546, 0.8383510708808899], "val_accuracy": [0.861523449420929, 0.8809814453125, 0.8877929449081421, 0.891430675983429, 0.8938232660293579, 0.894946277141571, 0.895434558391571, 0.8951416015625, 0.8947509527206421, 0.894335925579071, 0.893603503704071, 0.8924316167831421, 0.891674816608429, 0.890917956829071, 0.890625, 0.8899170160293579, 0.88916015625, 0.888720691204071, 0.887939453125, 0.8874756097793579, 0.8868408203125, 0.88623046875, 0.885424792766571, 0.8845459222793579, 0.883715808391571, 0.8834228515625, 0.882861316204071, 0.8819824457168579, 0.881396472454071, 0.8805907964706421, 0.88037109375, 0.8799072504043579, 0.879589855670929, 0.879223644733429, 0.8786865472793579, 0.8782714605331421, 0.877856433391571, 0.8772948980331421, 0.8769775629043579, 0.8767334222793579, 0.8764892816543579, 0.875439465045929, 0.8758544921875, 0.8752685785293579, 0.875195324420929, 0.875, 0.874951183795929, 0.8753662109375, 0.874707043170929, 0.8742920160293579, 0.874462902545929, 0.875195324420929, 0.8753662109375, 0.875537097454071, 0.875, 0.875170886516571, 0.8751220703125, 0.875805675983429, 0.8754638433456421, 0.875292956829071, 0.8745361566543579, 0.8749023675918579, 0.875659167766571, 0.875439465045929, 0.875415027141571, 0.875292956829071, 0.8749755620956421, 0.8746582269668579, 0.874340832233429, 0.8742920160293579, 0.8739258050918579, 0.873486340045929, 0.8737548589706421, 0.8739258050918579, 0.8729003667831421, 0.873364269733429, 0.8743652105331421, 0.87353515625, 0.8735107183456421, 0.873291015625, 0.8731445074081421, 0.8728271722793579, 0.8724120855331421, 0.872387707233429, 0.872509777545929, 0.872021496295929, 0.8722900152206421, 0.872021496295929, 0.8716064691543579, 0.8720703125, 0.872143566608429, 0.8717041015625, 0.8714843988418579, 0.8709961175918579, 0.8703857660293579, 0.870898425579071, 0.870800793170929, 0.8708251714706421, 0.8708251714706421, 0.870068371295929]}