{"loss": [0.5932925939559937, 0.1355651170015335, 0.11321184039115906, 0.10818352550268173, 0.1060086265206337, 0.10397812724113464, 0.10271957516670227, 0.10078980773687363, 0.09972750395536423, 0.09916961193084717], "accuracy": [0.7701749205589294, 0.9293989539146423, 0.9341652393341064, 0.9355357885360718, 0.9360101819038391, 0.9366981983184814, 0.9370866417884827, 0.93743896484375, 0.9379938244819641, 0.9383184313774109], "val_loss": [0.15901722013950348, 0.12212628871202469, 0.10736338049173355, 0.10184630006551743, 0.10351177304983139, 0.09909354895353317, 0.10071471333503723, 0.09873837232589722, 0.09853558987379074, 0.09830012917518616], "val_accuracy": [0.9261881709098816, 0.931884765625, 0.9377034306526184, 0.9392903447151184, 0.937255859375, 0.9399006962776184, 0.9375, 0.9391276240348816, 0.940185546875, 0.9381103515625]}