{"loss": [0.4131341278553009, 0.11778175085783005, 0.10913722962141037, 0.10581789165735245, 0.10347319394350052, 0.1020590141415596, 0.10013201832771301, 0.09909216314554214, 0.0974937379360199, 0.09629305452108383], "accuracy": [0.8350173234939575, 0.9335328340530396, 0.9357753992080688, 0.9366468191146851, 0.9371800422668457, 0.9379997253417969, 0.9385085701942444, 0.9389382004737854, 0.9394896626472473, 0.9399254322052002], "val_loss": [0.13076356053352356, 0.11604100465774536, 0.11468501389026642, 0.11354359239339828, 0.11543426662683487, 0.11310479789972305, 0.11439897865056992, 0.1182122677564621, 0.1167188435792923, 0.11644060909748077], "val_accuracy": [0.929882824420929, 0.932055652141571, 0.9317626953125, 0.9314209222793579, 0.9324951171875, 0.9305664300918579, 0.930371105670929, 0.929370105266571, 0.92919921875, 0.930126965045929]}