{"loss": [1.0071706771850586, 0.41202157735824585, 0.29836246371269226, 0.24625319242477417, 0.2206643521785736, 0.2050260454416275, 0.19309788942337036, 0.18732143938541412, 0.17873616516590118, 0.17335642874240875, 0.16906513273715973, 0.16496650874614716, 0.16180890798568726, 0.15778110921382904, 0.15546004474163055, 0.15331266820430756, 0.15227481722831726, 0.15098167955875397, 0.14822842180728912, 0.1461946666240692, 0.1453552544116974, 0.14436814188957214, 0.14366377890110016, 0.1421998143196106, 0.14146605134010315, 0.140076145529747, 0.1387362778186798, 0.13896985352039337, 0.1379053145647049, 0.13692668080329895, 0.13699094951152802, 0.13674350082874298, 0.13435396552085876, 0.13457545638084412, 0.13545596599578857, 0.13319328427314758, 0.13357314467430115, 0.1341247260570526, 0.133531853556633, 0.13274851441383362, 0.13198745250701904, 0.13194136321544647, 0.13057105243206024, 0.13155795633792877, 0.1300658881664276, 0.13091672956943512, 0.12966777384281158, 0.1297789067029953, 0.12932167947292328, 0.12879976630210876], "accuracy": [0.6024430990219116, 0.8613890409469604, 0.8933886289596558, 0.9076668620109558, 0.9132093191146851, 0.9166219830513, 0.9195562601089478, 0.9200133085250854, 0.9215428829193115, 0.9227860569953918, 0.9234076142311096, 0.9235935211181641, 0.9246599674224854, 0.9252236485481262, 0.9259914755821228, 0.9267014265060425, 0.9263327717781067, 0.9270914793014526, 0.9271950721740723, 0.9273961782455444, 0.9276247024536133, 0.927639901638031, 0.9284626245498657, 0.928828239440918, 0.9285814166069031, 0.9286515116691589, 0.9288648366928101, 0.9290384650230408, 0.9289714694023132, 0.9304035305976868, 0.9293066263198853, 0.929340124130249, 0.9301506280899048, 0.9299160242080688, 0.9293858408927917, 0.9303121566772461, 0.9306350946426392, 0.930181086063385, 0.930528461933136, 0.9300897121429443, 0.9304705858230591, 0.9303334355354309, 0.9313633441925049, 0.9307509064674377, 0.9311683177947998, 0.930610716342926, 0.9309337139129639, 0.9307722449302673, 0.9312780499458313, 0.9316863417625427], "val_loss": [0.3044123351573944, 0.17705871164798737, 0.14268606901168823, 0.13291816413402557, 0.1253189742565155, 0.12170784175395966, 0.12007452547550201, 0.11756919324398041, 0.11674801260232925, 0.11590714752674103, 0.11396358162164688, 0.11529232561588287, 0.11493593454360962, 0.11369305849075317, 0.1134866252541542, 0.11327509582042694, 0.11309166252613068, 0.11266616731882095, 0.1142280101776123, 0.11231054365634918, 0.11276642233133316, 0.11278738081455231, 0.11229103803634644, 0.11148621141910553, 0.1125740259885788, 0.11206682026386261, 0.1111278310418129, 0.11094888299703598, 0.111841581761837, 0.11071516573429108, 0.11152108758687973, 0.1108493059873581, 0.11070837080478668, 0.1098928302526474, 0.11044943332672119, 0.11044863611459732, 0.11119868606328964, 0.10987687110900879, 0.11058564484119415, 0.11073744297027588, 0.11010722815990448, 0.10950926691293716, 0.11119500547647476, 0.1095423474907875, 0.11123986542224884, 0.10996824502944946, 0.10999193042516708, 0.11048276722431183, 0.10970403254032135, 0.10947956144809723], "val_accuracy": [0.893969714641571, 0.9233154058456421, 0.9302978515625, 0.9325927495956421, 0.932812511920929, 0.933178722858429, 0.933276355266571, 0.932666003704071, 0.933837890625, 0.9336913824081421, 0.93408203125, 0.9341064691543579, 0.9337158203125, 0.934887707233429, 0.934252917766571, 0.934155285358429, 0.935302734375, 0.935546875, 0.934863269329071, 0.935253918170929, 0.934741199016571, 0.9349120855331421, 0.9351806640625, 0.935131847858429, 0.935253918170929, 0.935107409954071, 0.934887707233429, 0.935375988483429, 0.936352550983429, 0.934814453125, 0.934887707233429, 0.935742199420929, 0.935791015625, 0.936352550983429, 0.935375988483429, 0.9356445074081421, 0.936206042766571, 0.936718761920929, 0.9356445074081421, 0.935620129108429, 0.9363037347793579, 0.935742199420929, 0.9364258050918579, 0.9356933832168579, 0.934985339641571, 0.935546875, 0.9362548589706421, 0.935375988483429, 0.936450183391571, 0.9353271722793579]}