{"loss": [1.362537145614624, 0.48536503314971924, 0.33135151863098145, 0.29354143142700195, 0.26482856273651123, 0.2357269823551178, 0.21132633090019226, 0.19248870015144348, 0.17747366428375244, 0.16521674394607544, 0.15491896867752075, 0.14666716754436493, 0.1401294618844986, 0.13509409129619598, 0.13052402436733246, 0.1266392469406128, 0.1233803927898407, 0.1203446313738823, 0.1176612600684166, 0.11541993170976639, 0.11323718726634979, 0.11130010336637497, 0.10952883958816528, 0.10804054886102676, 0.1067381426692009, 0.10544992983341217, 0.10448955744504929, 0.1036958247423172, 0.10280613601207733, 0.10199974477291107, 0.10123459249734879, 0.10071686655282974, 0.10004638135433197, 0.09951849281787872, 0.09925644099712372, 0.0987212136387825, 0.09824347496032715, 0.09784653782844543, 0.09748365730047226, 0.09724269807338715, 0.09675842523574829, 0.09659028053283691, 0.0962148979306221, 0.09593287855386734, 0.09546767175197601, 0.09534312784671783, 0.09490441530942917, 0.09504701942205429, 0.09447826445102692, 0.09423007816076279, 0.09397546947002411, 0.09383965283632278, 0.09395022690296173, 0.0932956337928772, 0.09291816502809525, 0.09282819926738739, 0.09263860434293747, 0.0923905000090599, 0.09248224645853043, 0.09245572984218597, 0.09196408838033676, 0.09164759516716003, 0.09129875153303146, 0.09158477932214737, 0.0915597602725029, 0.09077953547239304, 0.09063180536031723, 0.09055852890014648, 0.09050177037715912, 0.09050285816192627, 0.09037970006465912, 0.08974447101354599, 0.08969222754240036, 0.08946303278207779, 0.089373379945755, 0.08897031098604202, 0.08889932930469513, 0.08893069624900818, 0.0885837972164154, 0.08836675435304642, 0.08819316327571869, 0.08783373236656189, 0.08770240098237991, 0.08757968246936798, 0.0875762403011322, 0.0876656323671341, 0.0875997394323349, 0.08700282871723175, 0.08678880333900452, 0.08664713054895401, 0.08693558722734451, 0.08691764622926712, 0.08645119518041611, 0.08609849214553833, 0.0860801711678505, 0.08574376255273819, 0.0861021876335144, 0.08563665300607681, 0.08521897345781326, 0.08536610752344131], "accuracy": [0.45656201243400574, 0.8386797904968262, 0.8810604810714722, 0.8896286487579346, 0.896389901638031, 0.9042115807533264, 0.9104000329971313, 0.9152873754501343, 0.9192728400230408, 0.9224904775619507, 0.9252297282218933, 0.9275119304656982, 0.929175615310669, 0.9300562143325806, 0.9312597513198853, 0.9322622418403625, 0.9331367015838623, 0.9337795972824097, 0.9345840215682983, 0.9351842999458313, 0.9357449412345886, 0.9361501932144165, 0.9368265867233276, 0.937228798866272, 0.9373354911804199, 0.9376980662345886, 0.9380819797515869, 0.938277006149292, 0.9384140968322754, 0.9387157559394836, 0.9390539526939392, 0.9392032623291016, 0.9396389722824097, 0.9398766756057739, 0.939864456653595, 0.9403032660484314, 0.9403063058853149, 0.940294086933136, 0.9406322836875916, 0.9405713677406311, 0.9407572150230408, 0.941058874130249, 0.9410314559936523, 0.9412599802017212, 0.941229522228241, 0.9416408538818359, 0.9416043162345886, 0.9413697123527527, 0.9416043162345886, 0.9416835308074951, 0.9420613646507263, 0.9420613646507263, 0.9418937563896179, 0.9420126080513, 0.9423691034317017, 0.9423233866691589, 0.9422898888587952, 0.9426829218864441, 0.9426615834236145, 0.9426159262657166, 0.9428870677947998, 0.9429906606674194, 0.9433990120887756, 0.9431491494178772, 0.9433990120887756, 0.9436244368553162, 0.9438194632530212, 0.9436701536178589, 0.9439169764518738, 0.9439626932144165, 0.9437829256057739, 0.9441820383071899, 0.9442582130432129, 0.9443496465682983, 0.9443679451942444, 0.9444959163665771, 0.9444562792778015, 0.9445720911026001, 0.9450078010559082, 0.9451662302017212, 0.9451236128807068, 0.9453094601631165, 0.9453856348991394, 0.9454191327095032, 0.9453765153884888, 0.9454039335250854, 0.9455410242080688, 0.9458640217781067, 0.9458213448524475, 0.9458761811256409, 0.9459401965141296, 0.945995032787323, 0.9461047053337097, 0.9463484883308411, 0.9464460015296936, 0.9467019438743591, 0.9465221762657166, 0.9465587139129639, 0.9469030499458313, 0.9468390345573425], "val_loss": [0.7700529098510742, 0.3770850896835327, 0.32331374287605286, 0.2969701588153839, 0.26560983061790466, 0.2361249029636383, 0.21388420462608337, 0.19694465398788452, 0.18334834277629852, 0.1720755398273468, 0.1627577692270279, 0.15587256848812103, 0.15056028962135315, 0.14638850092887878, 0.14262744784355164, 0.1398545503616333, 0.13868078589439392, 0.13893435895442963, 0.1356584131717682, 0.1330331712961197, 0.13088569045066833, 0.12895773351192474, 0.13123036921024323, 0.1280510127544403, 0.12589934468269348, 0.12451815605163574, 0.12324335426092148, 0.12330381572246552, 0.12283015251159668, 0.12140120565891266, 0.12147228419780731, 0.12084891647100449, 0.12111131101846695, 0.12051282078027725, 0.12133157253265381, 0.12074537575244904, 0.12138817459344864, 0.1220167726278305, 0.12266578525304794, 0.12207355350255966, 0.12253504991531372, 0.12338018417358398, 0.12278743833303452, 0.12257138639688492, 0.12381470203399658, 0.12340319156646729, 0.12350083887577057, 0.1245998963713646, 0.12479491531848907, 0.12541094422340393, 0.12633098661899567, 0.12519823014736176, 0.12542760372161865, 0.12656813859939575, 0.1275021731853485, 0.12784075736999512, 0.1280093491077423, 0.12917931377887726, 0.1275581419467926, 0.1290295571088791, 0.13014401495456696, 0.13081422448158264, 0.13103005290031433, 0.13209407031536102, 0.13397714495658875, 0.1323709636926651, 0.1331360638141632, 0.13502119481563568, 0.13427329063415527, 0.13208049535751343, 0.13494768738746643, 0.13593003153800964, 0.13562236726284027, 0.13600382208824158, 0.13647714257240295, 0.1367916613817215, 0.13827714323997498, 0.13783635199069977, 0.13935747742652893, 0.1390916407108307, 0.14053383469581604, 0.14182093739509583, 0.14065994322299957, 0.1419551819562912, 0.1423288881778717, 0.1428522765636444, 0.1423286646604538, 0.14256209135055542, 0.1433100551366806, 0.1433144509792328, 0.14061123132705688, 0.14252492785453796, 0.14476598799228668, 0.14432686567306519, 0.14429596066474915, 0.14532169699668884, 0.145451620221138, 0.14585861563682556, 0.146828755736351, 0.14620664715766907],