{"loss": [1.5591775178909302, 0.8900060653686523, 0.5259315967559814, 0.35755836963653564, 0.31437885761260986, 0.2908749282360077, 0.2731969952583313, 0.258091539144516, 0.24438931047916412, 0.2317741960287094, 0.21966469287872314, 0.2075473517179489, 0.19528573751449585, 0.18284514546394348, 0.17082783579826355, 0.16001731157302856, 0.15069544315338135, 0.14320668578147888, 0.13686349987983704, 0.1317722201347351, 0.12784907221794128, 0.12439297884702682, 0.12186650931835175, 0.11993647366762161, 0.11779981851577759, 0.11612794548273087, 0.11438621580600739, 0.11328041553497314, 0.11226389557123184, 0.1108810156583786, 0.10979516059160233, 0.10900040715932846, 0.10847226530313492, 0.10749543458223343, 0.10676656663417816, 0.10623063147068024, 0.10588868707418442, 0.10500523447990417, 0.10453417897224426, 0.10419794172048569, 0.10373938828706741, 0.10345448553562164, 0.10286465287208557, 0.10249432176351547, 0.10220978409051895, 0.1017933338880539, 0.10132662206888199, 0.10112663358449936, 0.1008109301328659, 0.10052952915430069, 0.10008402913808823, 0.10017961263656616, 0.09970546513795853, 0.09907408803701401, 0.09898433089256287, 0.09870228916406631, 0.09862303733825684, 0.09834872931241989, 0.09809304773807526, 0.09788691997528076, 0.09758958220481873, 0.09743542969226837, 0.09723619371652603, 0.09704339504241943, 0.09685390442609787, 0.09651591628789902, 0.09629940241575241, 0.09636878967285156, 0.09648746252059937, 0.09601527452468872, 0.09567445516586304, 0.09537847340106964, 0.0953310877084732, 0.09532591700553894, 0.09500830620527267, 0.09488672018051147, 0.09484285116195679, 0.09447415918111801, 0.09458120167255402, 0.09455633908510208, 0.09424687176942825, 0.09410203248262405, 0.0945761427283287, 0.09384377300739288, 0.0936313197016716, 0.09321922063827515, 0.0931423157453537, 0.09308640658855438, 0.09293343126773834, 0.09288815408945084, 0.09301512688398361, 0.0928400307893753, 0.09244959056377411, 0.092284195125103, 0.09223908931016922, 0.09251732379198074, 0.09224515408277512, 0.0917428731918335, 0.09202730655670166, 0.09152131527662277], "accuracy": [0.39094796776771545, 0.6614786386489868, 0.8025180101394653, 0.8769378662109375, 0.8864262104034424, 0.8908992409706116, 0.893943190574646, 0.8974959850311279, 0.9007775783538818, 0.9035990834236145, 0.9064450263977051, 0.9101257920265198, 0.9143915772438049, 0.918398380279541, 0.92195725440979, 0.9248214364051819, 0.926957368850708, 0.9287673234939575, 0.9302237629890442, 0.9314547777175903, 0.932304859161377, 0.9331488609313965, 0.9339349865913391, 0.9343433380126953, 0.9348978400230408, 0.9351538419723511, 0.9356748461723328, 0.9361653923988342, 0.9364640116691589, 0.9368509650230408, 0.9372501373291016, 0.9371739625930786, 0.9374147057533264, 0.9378595352172852, 0.9379357099533081, 0.9379661679267883, 0.9380515217781067, 0.9385085701942444, 0.9385603666305542, 0.9387218356132507, 0.9388132691383362, 0.9388040900230408, 0.9390174150466919, 0.9387645125389099, 0.9391393065452576, 0.9393739104270935, 0.9394683837890625, 0.9395902156829834, 0.9395627975463867, 0.9397304058074951, 0.9397974610328674, 0.9398614168167114, 0.9401265382766724, 0.9405226111412048, 0.940470814704895, 0.9404250979423523, 0.940723717212677, 0.9408395290374756, 0.9408913254737854, 0.9410497546195984, 0.9409217834472656, 0.941135048866272, 0.9411045908927917, 0.9412447810173035, 0.941311776638031, 0.941659152507782, 0.9415251016616821, 0.9416347742080688, 0.9416987895965576, 0.9418023824691772, 0.9419333934783936, 0.9420369863510132, 0.9420095682144165, 0.9421009421348572, 0.9420309066772461, 0.9421771168708801, 0.9421375393867493, 0.9421984553337097, 0.9423477649688721, 0.942164957523346, 0.9424269795417786, 0.9424818158149719, 0.942341685295105, 0.9423934817314148, 0.9425458312034607, 0.9427499771118164, 0.9426921010017395, 0.9427773952484131, 0.9427621364593506, 0.9429419636726379, 0.9430607557296753, 0.9431430101394653, 0.9431704878807068, 0.943106472492218, 0.9431369304656982, 0.9432039856910706, 0.9433045387268066, 0.9435300230979919, 0.9433867931365967, 0.9435848593711853], "val_loss": [1.2347824573516846, 0.6709974408149719, 0.41873568296432495, 0.3458164632320404, 0.31811952590942383, 0.2987852394580841, 0.2831486463546753, 0.2687649130821228, 0.2552920877933502, 0.24262936413288116, 0.2304486483335495, 0.2178829461336136, 0.20480358600616455, 0.19153821468353271, 0.18090274930000305, 0.16879579424858093, 0.16189193725585938, 0.15496067702770233, 0.14917591214179993, 0.1450008600950241, 0.13944609463214874, 0.13683995604515076, 0.13405142724514008, 0.1328420341014862, 0.1314564049243927, 0.1296563446521759, 0.12926504015922546, 0.12816329300403595, 0.1274719387292862, 0.12666991353034973, 0.1263173669576645, 0.12613210082054138, 0.12573513388633728, 0.1256425976753235, 0.1253930628299713, 0.12553076446056366, 0.12494798749685287, 0.12503233551979065, 0.12516182661056519, 0.12535777688026428, 0.1250503957271576, 0.1250561773777008, 0.12559139728546143, 0.12526802718639374, 0.12574167549610138, 0.12617871165275574, 0.12608996033668518, 0.12630395591259003, 0.12625601887702942, 0.12612400949001312, 0.12560254335403442, 0.1250104159116745, 0.1250322163105011, 0.12553736567497253, 0.12618610262870789, 0.12670157849788666, 0.12671974301338196, 0.1259775459766388, 0.12652048468589783, 0.1269311159849167, 0.1271856725215912, 0.12748554348945618, 0.1273365318775177, 0.12752489745616913, 0.12791374325752258, 0.12740765511989594, 0.1275460422039032, 0.12841340899467468, 0.12722882628440857, 0.12744306027889252, 0.1276387870311737, 0.12843996286392212, 0.12839755415916443, 0.1290489286184311, 0.1292220652103424, 0.1292315125465393, 0.12928499281406403, 0.13007768988609314, 0.12977808713912964, 0.13002654910087585, 0.12982627749443054, 0.12948934733867645, 0.12981662154197693, 0.13079114258289337, 0.13047578930854797, 0.130613774061203, 0.13121315836906433, 0.13107891380786896, 0.1317375749349594, 0.1311589777469635, 0.13123895227909088, 0.13207533955574036, 0.13260172307491302, 0.1334528625011444, 0.13297095894813538, 0.13349099457263947, 0.1336890012025833, 0.13448494672775269, 0.13472971320152283, 0.1351056694984436],