{"loss": [1.1546003818511963, 0.3563384413719177, 0.2575313150882721, 0.2091362178325653, 0.16576795279979706, 0.13787531852722168, 0.1225862056016922, 0.11310374736785889, 0.10652945935726166, 0.10160865634679794, 0.09850167483091354, 0.09551437944173813, 0.0935821384191513, 0.09193658828735352, 0.09116625040769577, 0.08950597047805786, 0.0876980647444725, 0.08673819154500961, 0.086114302277565, 0.08587184548377991, 0.08439158648252487, 0.08505824953317642, 0.08343002200126648, 0.0827077329158783, 0.08188534528017044, 0.0814489871263504, 0.08158553391695023, 0.08077405393123627, 0.08048931509256363, 0.07975661754608154, 0.07990523427724838, 0.07964062690734863, 0.07963848859071732, 0.0788724422454834, 0.0789811909198761, 0.07899627089500427, 0.0786418691277504, 0.07762997597455978, 0.07702577114105225, 0.07672212272882462, 0.0767868161201477, 0.07629863172769547, 0.0758153423666954, 0.0760231465101242, 0.07559096813201904, 0.07503525912761688, 0.07500264793634415, 0.07506145536899567, 0.07553346455097198, 0.07554471492767334, 0.07440514862537384, 0.07403663545846939, 0.07332766056060791, 0.07289791852235794, 0.07237879186868668, 0.07218798995018005, 0.07171274721622467, 0.07100706547498703, 0.07079895585775375, 0.07034934312105179, 0.07013610750436783, 0.0697985589504242, 0.0690123662352562, 0.06889896839857101, 0.06896816939115524, 0.06821870058774948, 0.06809820979833603, 0.06705118715763092, 0.06686622649431229, 0.06661128252744675, 0.06674689799547195, 0.06603777408599854, 0.06553669273853302, 0.06497912853956223, 0.06508838385343552, 0.06517879664897919, 0.06597112119197845, 0.06465384364128113, 0.06403589248657227, 0.06375305354595184, 0.06325893104076385, 0.06312019377946854, 0.06308818608522415, 0.06290670484304428, 0.06289184838533401, 0.062221091240644455, 0.062334563583135605, 0.061850711703300476, 0.06077207997441292, 0.06045956537127495, 0.06085388362407684, 0.06090681999921799, 0.06005958095192909, 0.06014661863446236, 0.05988422408699989, 0.05914313346147537, 0.05923350155353546, 0.05875498056411743, 0.058381084352731705, 0.057931818068027496], "accuracy": [0.5548581480979919, 0.8773279190063477, 0.9003235697746277, 0.9112592339515686, 0.9229993224143982, 0.9309215545654297, 0.9351202845573425, 0.9375487565994263, 0.9388284683227539, 0.9400990605354309, 0.9410558342933655, 0.941753625869751, 0.9422532916069031, 0.9429206252098083, 0.9430668354034424, 0.9438986778259277, 0.9444745779037476, 0.9450138807296753, 0.9453490376472473, 0.945330798625946, 0.9459188580513, 0.9457725882530212, 0.946171760559082, 0.9467232823371887, 0.9471589922904968, 0.9473722577095032, 0.9474393129348755, 0.9481005072593689, 0.9482345581054688, 0.948472261428833, 0.9487525820732117, 0.948978066444397, 0.9484570026397705, 0.9490389823913574, 0.948901891708374, 0.9491151571273804, 0.9493467211723328, 0.9497458934783936, 0.9504802227020264, 0.9507087469100952, 0.9508275389671326, 0.9510743618011475, 0.9513577222824097, 0.951248049736023, 0.9517934918403625, 0.9522535800933838, 0.9527654647827148, 0.9525490999221802, 0.9521316885948181, 0.9523967504501343, 0.9529635310173035, 0.953536331653595, 0.9540330171585083, 0.954477846622467, 0.9550628662109375, 0.95516037940979, 0.9557971954345703, 0.9563212990760803, 0.9565467834472656, 0.9569215774536133, 0.9571835994720459, 0.9574456214904785, 0.9582591652870178, 0.9583719372749329, 0.9584481120109558, 0.9589813351631165, 0.9593225717544556, 0.9598954319953918, 0.9600234031677246, 0.9601422548294067, 0.9605810046195984, 0.960760772228241, 0.9610380530357361, 0.961507260799408, 0.9615743160247803, 0.9616931676864624, 0.9613214135169983, 0.9621562957763672, 0.9625067114830017, 0.9628875851631165, 0.9631526470184326, 0.9631344079971313, 0.9634878635406494, 0.9635122418403625, 0.9635578989982605, 0.9639296531677246, 0.9640545845031738, 0.9641459584236145, 0.9648376703262329, 0.9651301503181458, 0.9651362895965576, 0.9652276635169983, 0.9658827781677246, 0.9660137891769409, 0.9660260081291199, 0.9665896892547607, 0.9666445255279541, 0.9666872024536133, 0.9669401049613953, 0.967302680015564], "val_loss": [0.5485168695449829, 0.30488473176956177, 0.2522461712360382, 0.20876482129096985, 0.17015016078948975, 0.15288589894771576, 0.14776013791561127, 0.1420222520828247, 0.13636645674705505, 0.13128554821014404, 0.13212427496910095, 0.13331332802772522, 0.13064485788345337, 0.13147251307964325, 0.13029225170612335, 0.1308356374502182, 0.12740789353847504, 0.13373616337776184, 0.1366398185491562, 0.1330580860376358, 0.13333790004253387, 0.12704412639141083, 0.13553990423679352, 0.13412287831306458, 0.1368802785873413, 0.14101800322532654, 0.13597902655601501, 0.1331159472465515, 0.13649363815784454, 0.13692256808280945, 0.13688528537750244, 0.13882149755954742, 0.13892091810703278, 0.14057068526744843, 0.14349336922168732, 0.14239655435085297, 0.14156638085842133, 0.14927366375923157, 0.1503477841615677, 0.15101978182792664, 0.15464144945144653, 0.15766659379005432, 0.16409464180469513, 0.16640517115592957, 0.1714760810136795, 0.1715407818555832, 0.17423059046268463, 0.17836837470531464, 0.19610744714736938, 0.20057030022144318, 0.20395222306251526, 0.20988783240318298, 0.21114161610603333, 0.21670866012573242, 0.2255207747220993, 0.23021936416625977, 0.23361754417419434, 0.2327810823917389, 0.24450817704200745, 0.25485000014305115, 0.25980299711227417, 0.25925394892692566, 0.27036964893341064, 0.27371081709861755, 0.27203652262687683, 0.27866026759147644, 0.2811155319213867, 0.28618189692497253, 0.2896254062652588, 0.2917737364768982, 0.2884595990180969, 0.2820611298084259, 0.29567959904670715, 0.296979695558548, 0.2969972491264343, 0.3038613200187683, 0.3026713728904724, 0.298071026802063, 0.30816516280174255, 0.3105165958404541, 0.3133583068847656, 0.31681227684020996, 0.31675371527671814, 0.3179361820220947, 0.3203212320804596, 0.331484317779541, 0.32606199383735657, 0.3281313180923462, 0.3322478234767914, 0.34311968088150024, 0.34134435653686523, 0.3383379578590393, 0.3408351540565491, 0.3460928797721863, 0.3463999629020691, 0.3482086956501007, 0.3548571467399597, 0.37015607953071594, 0.37934866547584534, 0.39035555720329285],