{"loss": [0.5034055709838867, 0.19194604456424713, 0.16097864508628845, 0.14598029851913452, 0.13654787838459015, 0.1298413723707199, 0.12453936040401459, 0.11989493668079376, 0.11583060771226883, 0.11203206330537796, 0.10854237526655197, 0.10541923344135284, 0.10237166285514832, 0.09920504689216614, 0.0966017097234726, 0.09378619492053986, 0.09160059690475464, 0.08907406777143478, 0.08690334856510162, 0.08489441126585007, 0.08303986489772797, 0.08146046847105026, 0.07957293838262558, 0.07790279388427734, 0.0758388489484787, 0.07478516548871994, 0.0733397826552391, 0.0719219222664833, 0.07044180482625961, 0.06927970796823502, 0.06835496425628662, 0.06745325773954391, 0.06603459268808365, 0.06495632231235504, 0.06411312520503998, 0.06293517351150513, 0.06205090880393982, 0.0608803927898407, 0.05986091494560242, 0.05917084589600563, 0.058054570108652115, 0.05752457678318024, 0.05662068352103233, 0.05573589354753494, 0.054765086621046066, 0.05441746860742569, 0.05397306755185127, 0.05322868749499321, 0.05251249670982361, 0.0518014058470726, 0.051074765622615814, 0.050796229392290115, 0.05011622980237007, 0.04943813011050224, 0.04885135591030121, 0.04885038733482361, 0.04822959378361702, 0.047748006880283356, 0.04746251925826073, 0.0471285805106163, 0.04650164395570755, 0.046344369649887085, 0.04612414911389351, 0.045077770948410034, 0.04476333409547806, 0.044501710683107376, 0.0441301204264164, 0.04413972795009613, 0.04362109303474426, 0.04339507222175598, 0.04301959276199341, 0.042682088911533356, 0.042999058961868286, 0.042488742619752884, 0.041991159319877625, 0.041680917143821716, 0.04121244698762894, 0.040951479226350784, 0.04087213799357414, 0.040427882224321365, 0.0403837189078331, 0.040979765355587006, 0.040096692740917206, 0.039611395448446274, 0.03932492062449455, 0.039300091564655304, 0.038870420306921005, 0.038912564516067505, 0.03900941088795662, 0.03860307112336159, 0.03850070387125015, 0.03829772397875786, 0.03805878013372421, 0.03758962079882622, 0.03794379532337189, 0.037406325340270996, 0.03732486069202423, 0.03754750266671181, 0.03763854131102562, 0.03714204207062721], "accuracy": [0.8099963665008545, 0.9114705324172974, 0.920254647731781, 0.9245370626449585, 0.9277625679969788, 0.930293619632721, 0.9333059191703796, 0.9354958534240723, 0.9373416304588318, 0.9395559430122375, 0.9415204524993896, 0.9433053135871887, 0.9452424645423889, 0.9472496509552002, 0.9488090872764587, 0.950222373008728, 0.9514650106430054, 0.9527990818023682, 0.9540478587150574, 0.9550347328186035, 0.9560398459434509, 0.957136332988739, 0.9581018686294556, 0.9592500925064087, 0.9604775905609131, 0.9609740376472473, 0.9616228342056274, 0.9625670313835144, 0.96324622631073, 0.9641020894050598, 0.9645863771438599, 0.9651285409927368, 0.9658504128456116, 0.9664077758789062, 0.9667884707450867, 0.9677540063858032, 0.9680159687995911, 0.9686312079429626, 0.9692190289497375, 0.9696515798568726, 0.9700992703437805, 0.9704983234405518, 0.9707937240600586, 0.9712932705879211, 0.9718719720840454, 0.9722070097923279, 0.9722344279289246, 0.9727674126625061, 0.9730537533760071, 0.9735258221626282, 0.9738243222236633, 0.9741228222846985, 0.9744365215301514, 0.9747350215911865, 0.9750243425369263, 0.9751035571098328, 0.9753655195236206, 0.9757218360900879, 0.9757888913154602, 0.9759168028831482, 0.976416289806366, 0.9765503406524658, 0.9763888716697693, 0.9768610000610352, 0.9771168231964111, 0.9771442413330078, 0.9773513674736023, 0.977302610874176, 0.9777473211288452, 0.9778265357017517, 0.9779635667800903, 0.9781432747840881, 0.9780640602111816, 0.9782133102416992, 0.9785910248756409, 0.9786214828491211, 0.9790478944778442, 0.9791423082351685, 0.9791300892829895, 0.9794103503227234, 0.9796905517578125, 0.9793432950973511, 0.9796448349952698, 0.9798184633255005, 0.9801169633865356, 0.9802448749542236, 0.9803118705749512, 0.9802722930908203, 0.980217456817627, 0.9805616736412048, 0.9805159568786621, 0.9804306626319885, 0.9806835055351257, 0.9808266162872314, 0.9807991981506348, 0.9808205366134644, 0.9809484481811523, 0.9810459017753601, 0.9810093641281128, 0.9811129570007324], "val_loss": [0.23543071746826172, 0.2029837667942047, 0.1965484917163849, 0.19653978943824768, 0.2002905160188675, 0.20545664429664612, 0.2120203971862793, 0.21958298981189728, 0.22763442993164062, 0.23712126910686493, 0.24584273993968964, 0.257486492395401, 0.2647963762283325, 0.276888370513916, 0.2878524363040924, 0.2957456707954407, 0.3090584874153137, 0.31791555881500244, 0.33418840169906616, 0.34524330496788025, 0.3649025559425354, 0.3738063871860504, 0.3881099224090576, 0.4008750319480896, 0.42242079973220825, 0.43109050393104553, 0.4461723268032074, 0.4635036587715149, 0.4809845983982086, 0.5009848475456238, 0.50956791639328, 0.5270709991455078, 0.5459964871406555, 0.5546867251396179, 0.5587621927261353, 0.5700223445892334, 0.5841346979141235, 0.6085678339004517, 0.62002032995224, 0.6320465207099915, 0.6446236371994019, 0.6689216494560242, 0.6795905232429504, 0.6804576516151428, 0.7121485471725464, 0.7231060266494751, 0.7314490079879761, 0.7411819696426392, 0.7601699829101562, 0.7690183520317078, 0.7792719602584839, 0.7786261439323425, 0.7962638139724731, 0.8085842132568359, 0.820697009563446, 0.8161851763725281, 0.8372455835342407, 0.8309114575386047, 0.8431289792060852, 0.8383585810661316, 0.8500701785087585, 0.8673992156982422, 0.8696122169494629, 0.8757110834121704, 0.8767204284667969, 0.8958519697189331, 0.900769054889679, 0.9041674733161926, 0.8971223831176758, 0.9156442880630493, 0.9386752843856812, 0.9403893351554871, 0.9598479270935059, 0.9618769884109497, 0.9608060717582703, 0.9725683331489563, 0.9658164978027344, 0.9817884564399719, 1.0138132572174072, 1.013941764831543, 1.0183082818984985, 1.0394036769866943, 1.0578972101211548, 1.0475244522094727, 1.0597419738769531, 1.066104769706726, 1.0770998001098633, 1.1031051874160767, 1.099021315574646, 1.127458930015564, 1.1179028749465942, 1.126402497291565, 1.1348581314086914, 1.1307185888290405, 1.1451267004013062, 1.1454942226409912, 1.1667778491973877, 1.1626453399658203, 1.1566078662872314, 1.160503625869751],