{"loss": [1.2095731496810913, 0.40717172622680664, 0.2669423818588257, 0.21698787808418274, 0.19082212448120117, 0.17421278357505798, 0.16266219317913055, 0.15406110882759094, 0.14732523262500763, 0.1418912708759308, 0.137426495552063, 0.13367915153503418, 0.13048096001148224, 0.1276881843805313, 0.12525968253612518, 0.12308849394321442, 0.12116502970457077, 0.11942733824253082, 0.11785050481557846, 0.11643196642398834, 0.11510539799928665, 0.11389220505952835, 0.11276254802942276, 0.11175074428319931, 0.11071594059467316, 0.10974527150392532, 0.10884465277194977, 0.10799543559551239, 0.1071474552154541, 0.10638248920440674, 0.10556706041097641, 0.10475878417491913, 0.1040319949388504, 0.1032574251294136, 0.10279227048158646, 0.10184333473443985, 0.10114985704421997, 0.10041285306215286, 0.09966368228197098, 0.09910373389720917, 0.09842909127473831, 0.09759524464607239, 0.09689871221780777, 0.0964384377002716, 0.09559236466884613, 0.09482866525650024, 0.09418931603431702, 0.09352052211761475, 0.093055859208107, 0.09223072230815887, 0.09161946922540665, 0.0910971462726593, 0.09069645404815674, 0.08989576250314713, 0.08940903842449188, 0.08870964497327805, 0.08831030130386353, 0.08769717812538147, 0.08705735206604004, 0.08639205992221832, 0.08586204051971436, 0.08549175411462784, 0.08491532504558563, 0.08436618745326996, 0.08377061039209366, 0.08334732800722122, 0.08354973793029785, 0.08323382586240768, 0.08266033977270126, 0.08200974017381668, 0.08140593767166138, 0.08093225955963135, 0.08155732601881027, 0.08110561966896057, 0.08026213198900223, 0.0796993151307106, 0.0791211798787117, 0.07871407270431519, 0.07823525369167328, 0.07777810841798782, 0.07793223857879639, 0.07728767395019531, 0.07682988047599792, 0.07641398161649704, 0.07619589567184448, 0.07572126388549805, 0.07552581280469894, 0.07497496157884598, 0.07457111030817032, 0.07398741692304611, 0.07381798326969147, 0.07324465364217758, 0.07302280515432358, 0.07310734689235687, 0.07251960039138794, 0.07224705070257187, 0.07182913273572922, 0.07128575444221497, 0.07124029844999313, 0.07098623365163803], "accuracy": [0.5467470288276672, 0.8550238609313965, 0.8953173756599426, 0.9075571894645691, 0.9147663712501526, 0.9196628928184509, 0.9227129220962524, 0.9249768257141113, 0.9269177913665771, 0.9281365871429443, 0.9291207790374756, 0.9300622940063477, 0.9309032559394836, 0.9315888285636902, 0.9322073459625244, 0.9327436089515686, 0.9332067966461182, 0.9338375329971313, 0.9342488646507263, 0.9347242116928101, 0.9352726340293884, 0.9357144832611084, 0.936211109161377, 0.936406135559082, 0.9366864562034607, 0.9370429515838623, 0.9375457167625427, 0.9377650618553162, 0.9381428956985474, 0.9387187957763672, 0.9392824769020081, 0.9398461580276489, 0.9403245449066162, 0.9409065246582031, 0.9414306282997131, 0.9420674443244934, 0.9424635767936707, 0.9431217312812805, 0.9435544013977051, 0.9440540671348572, 0.9445507526397705, 0.9451875686645508, 0.9457573890686035, 0.9461930990219116, 0.9469060897827148, 0.9474179744720459, 0.9476799964904785, 0.9483016133308411, 0.9485940933227539, 0.9491151571273804, 0.949553906917572, 0.9497763514518738, 0.9501816034317017, 0.9506203532218933, 0.9510042667388916, 0.9513425230979919, 0.9514704942703247, 0.9519275426864624, 0.9524455070495605, 0.952789843082428, 0.9529879093170166, 0.9533809423446655, 0.9536521434783936, 0.9538989663124084, 0.9542432427406311, 0.954584538936615, 0.954572319984436, 0.9546881318092346, 0.9549592733383179, 0.9553431868553162, 0.9558672904968262, 0.9559617638587952, 0.9557027816772461, 0.9559251666069031, 0.9562878012657166, 0.9565437436103821, 0.9569672346115112, 0.9573085308074951, 0.9576528668403625, 0.957966685295105, 0.9578478336334229, 0.9581190347671509, 0.9583597183227539, 0.9587010145187378, 0.95906662940979, 0.9591397643089294, 0.9592586159706116, 0.9595785140991211, 0.9598192572593689, 0.9600721597671509, 0.9602214694023132, 0.9604713320732117, 0.9608887434005737, 0.9608034491539001, 0.9613092541694641, 0.961272656917572, 0.9614737629890442, 0.9618302583694458, 0.9619491100311279, 0.9619826078414917], "val_loss": [0.5683515071868896, 0.34600886702537537, 0.2792912423610687, 0.2520706057548523, 0.2383786141872406, 0.2315748631954193, 0.22949466109275818, 0.22985699772834778, 0.23119182884693146, 0.2344290018081665, 0.2364019900560379, 0.24320070445537567, 0.2439706027507782, 0.2524817883968353, 0.25377219915390015, 0.2595807909965515, 0.26559433341026306, 0.2721407413482666, 0.27802592515945435, 0.2843770384788513, 0.29049763083457947, 0.29704782366752625, 0.30359140038490295, 0.3104139566421509, 0.3171669840812683, 0.3226054608821869, 0.32988476753234863, 0.3364924490451813, 0.34345492720603943, 0.3450395166873932, 0.35666054487228394, 0.3654491901397705, 0.3745517432689667, 0.3837229311466217, 0.3945324122905731, 0.4060274660587311, 0.41310375928878784, 0.4263903498649597, 0.4349096417427063, 0.4456821084022522, 0.4533926844596863, 0.4566064774990082, 0.4620394706726074, 0.4879623353481293, 0.4947829246520996, 0.5112142562866211, 0.517284095287323, 0.5272363424301147, 0.5322425961494446, 0.5416582822799683, 0.5602574348449707, 0.5641787648200989, 0.567177951335907, 0.5826066732406616, 0.5781559944152832, 0.5845329165458679, 0.5911555290222168, 0.6109236478805542, 0.6278806924819946, 0.6368741393089294, 0.645102858543396, 0.651007354259491, 0.6642029881477356, 0.6714991927146912, 0.6761736869812012, 0.6908944845199585, 0.6856083273887634, 0.6867020726203918, 0.6889266967773438, 0.693468451499939, 0.7022042274475098, 0.7052053213119507, 0.6901487112045288, 0.6806246042251587, 0.695052981376648, 0.7050858736038208, 0.7096463441848755, 0.7166549563407898, 0.7165043950080872, 0.7247355580329895, 0.7100840210914612, 0.713814914226532, 0.7178338766098022, 0.7173510789871216, 0.7207857370376587, 0.7292353510856628, 0.731511116027832, 0.7383696436882019, 0.742387592792511, 0.7478340268135071, 0.7439680099487305, 0.7464591264724731, 0.7397254705429077, 0.7367554903030396, 0.7430140376091003, 0.7526759505271912, 0.756517231464386, 0.7612290382385254, 0.7515850067138672, 0.7626014351844788],