{"loss": [3.6080236434936523, 3.414318561553955, 2.563582420349121, 1.6741267442703247, 1.1879023313522339, 0.9617824554443359, 0.8387832045555115, 0.7533800601959229, 0.6872525215148926, 0.6345046758651733, 0.5925990343093872, 0.5591657757759094, 0.5320723056793213, 0.5096277594566345, 0.4906110465526581, 0.4741723835468292, 0.4597281217575073, 0.4468497931957245, 0.4352312386035919, 0.4246237576007843, 0.41486456990242004, 0.40582942962646484, 0.39741984009742737, 0.3895576000213623, 0.38218915462493896, 0.3752664625644684, 0.36874905228614807, 0.3625982999801636, 0.3567868173122406, 0.35129064321517944, 0.34608402848243713, 0.34115901589393616, 0.3364737629890442, 0.332044392824173, 0.3278615474700928, 0.323900043964386, 0.3201446235179901, 0.31657207012176514, 0.31317654252052307, 0.3099510073661804, 0.3068790137767792, 0.3039516508579254, 0.3011683225631714, 0.29850828647613525, 0.2959723174571991, 0.2935602366924286, 0.29126083850860596, 0.28906160593032837, 0.286960631608963, 0.28494781255722046, 0.2830193042755127, 0.2811807096004486, 0.27941182255744934, 0.2777174711227417, 0.2760918140411377, 0.2745263874530792, 0.27302148938179016, 0.27157503366470337, 0.270185649394989, 0.2688494920730591, 0.26756078004837036, 0.2663100063800812, 0.26510849595069885, 0.26394516229629517, 0.2628205418586731, 0.2617304027080536, 0.2606770694255829, 0.25966206192970276, 0.25866737961769104, 0.2577068507671356, 0.25677886605262756, 0.25586822628974915, 0.2549937665462494, 0.2541380822658539, 0.25330936908721924, 0.2525024712085724, 0.25172412395477295, 0.2509656548500061, 0.2502284049987793, 0.24950219690799713, 0.24880582094192505, 0.2481183409690857, 0.24745547771453857, 0.24680672585964203, 0.2461748719215393, 0.2455587238073349, 0.24495288729667664, 0.24436181783676147, 0.2437882274389267, 0.24322621524333954, 0.2426721155643463, 0.24213045835494995, 0.2416081428527832, 0.24108967185020447, 0.24059820175170898, 0.24010370671749115, 0.23962044715881348, 0.23914948105812073, 0.23869077861309052, 0.23823478817939758], "accuracy": [0.30167096853256226, 0.569806694984436, 0.6710797548294067, 0.8226861357688904, 0.8569343686103821, 0.8679705858230591, 0.8741316199302673, 0.8789519667625427, 0.8844456672668457, 0.8892751932144165, 0.893242359161377, 0.896484375, 0.8990316390991211, 0.9014296531677246, 0.9034650325775146, 0.9051926732063293, 0.9068898558616638, 0.9085809588432312, 0.910080075263977, 0.911350667476654, 0.9125847220420837, 0.913727343082428, 0.9148151278495789, 0.9157536029815674, 0.9167377352714539, 0.9177798628807068, 0.9187487959861755, 0.9196628928184509, 0.920491635799408, 0.9212990999221802, 0.9220151901245117, 0.922798216342926, 0.9235143065452576, 0.9241693615913391, 0.924763560295105, 0.9254034161567688, 0.9260128140449524, 0.9265369176864624, 0.9270091652870178, 0.9275271892547607, 0.9280360341072083, 0.9284473657608032, 0.9288434982299805, 0.9292700886726379, 0.9296265840530396, 0.9301354289054871, 0.9304431676864624, 0.9308148622512817, 0.9311134815216064, 0.9314303994178772, 0.9317320585250854, 0.9320397973060608, 0.9322774410247803, 0.9325486421585083, 0.9328197836875916, 0.9330087304115295, 0.9332799315452576, 0.9334962368011475, 0.9336485862731934, 0.933834433555603, 0.9339593648910522, 0.9341300129890442, 0.9342823624610901, 0.9344255924224854, 0.9345231056213379, 0.9346266984939575, 0.9348399639129639, 0.9350197315216064, 0.9351019859313965, 0.9353336095809937, 0.9354828596115112, 0.9356260895729065, 0.9357571005821228, 0.9359307885169983, 0.9360313415527344, 0.9361836910247803, 0.9363390803337097, 0.9364762306213379, 0.936564564704895, 0.9366864562034607, 0.9367077946662903, 0.9368022084236145, 0.9369271397590637, 0.9370368719100952, 0.9371709227561951, 0.9372562170028687, 0.9373293519020081, 0.9374299049377441, 0.9375030398368835, 0.9375852942466736, 0.9376797676086426, 0.9377437829971313, 0.9377803206443787, 0.9379143714904785, 0.9379692077636719, 0.9380545616149902, 0.9381368160247803, 0.9382069110870361, 0.9383074641227722, 0.9383562207221985], "val_loss": [1.7657142877578735, 1.5321319103240967, 1.0619304180145264, 0.7335493564605713, 0.5802245736122131, 0.5099164247512817, 0.4657185673713684, 0.4322642683982849, 0.40596872568130493, 0.3860059678554535, 0.3711431920528412, 0.3600727915763855, 0.3516506254673004, 0.3448789715766907, 0.33934926986694336, 0.3348833918571472, 0.33117204904556274, 0.3279751241207123, 0.32531651854515076, 0.3230324387550354, 0.32108408212661743, 0.3194180130958557, 0.3179381489753723, 0.3166171908378601, 0.31547701358795166, 0.31453973054885864, 0.3137417733669281, 0.31305885314941406, 0.3125077784061432, 0.31206968426704407, 0.3117520809173584, 0.31158894300460815, 0.31150704622268677, 0.3115423917770386, 0.3117083013057709, 0.31209081411361694, 0.3125697672367096, 0.31311729550361633, 0.3137954771518707, 0.3145830035209656, 0.3154289126396179, 0.31642478704452515, 0.3175038695335388, 0.31861549615859985, 0.3197900354862213, 0.32102519273757935, 0.3223668932914734, 0.32380595803260803, 0.325305312871933, 0.32683542370796204, 0.32844120264053345, 0.3301088809967041, 0.3318178057670593, 0.33359402418136597, 0.3353482782840729, 0.3371848464012146, 0.3390435576438904, 0.3409610688686371, 0.3429000973701477, 0.3448358178138733, 0.3467988669872284, 0.34877824783325195, 0.3508008122444153, 0.35285264253616333, 0.35498127341270447, 0.35703757405281067, 0.35917770862579346, 0.3613067865371704, 0.36344271898269653, 0.3656623959541321, 0.36780697107315063, 0.3699933588504791, 0.37219107151031494, 0.3743894100189209, 0.3765853941440582, 0.378787100315094, 0.38101130723953247, 0.3832382559776306, 0.38548293709754944, 0.38773536682128906, 0.3899504542350769, 0.39222899079322815, 0.394426167011261, 0.39671987295150757, 0.398984432220459, 0.4011104702949524, 0.40342625975608826, 0.4057183265686035, 0.4079943299293518, 0.4102596342563629, 0.41247862577438354, 0.4147545397281647, 0.41690078377723694, 0.41917648911476135, 0.4213313162326813, 0.42357760667800903, 0.4257729649543762, 0.42798691987991333, 0.4301224648952484, 0.4323574900627136], "val_accuracy": [0.4515380859375, 0.608471691608429, 0.775195300579071, 0.841601550579071, 0.856762707233429, 0.8628174066543579, 0.8672119379043579, 0.870288074016571, 0.874072253704071, 0.876782238483429, 0.878173828125, 0.87939453125, 0.880200207233429, 0.8809814453125, 0.881909191608429, 0.882763683795929, 0.8830810785293579, 0.883496105670929, 0.883496105670929, 0.8840576410293579, 0.8846435546875, 0.8851562738418579, 0.885302722454071, 0.885668933391571, 0.885986328125, 0.8860107660293579, 0.886059582233429, 0.8863281011581421, 0.8867431879043579, 0.8869873285293579, 0.8870605230331421, 0.8867431879043579, 0.8869384527206421, 0.886792004108429, 0.8870849609375, 0.8868652582168579, 0.8868408203125, 0.887158215045929, 0.887255847454071, 0.8869384527206421, 0.886792004108429, 0.8868408203125, 0.887036144733429, 0.886914074420929, 0.8865966796875, 0.886547863483429, 0.886523425579071, 0.886523425579071, 0.886669933795929, 0.886669933795929, 0.886645495891571, 0.8866943120956421, 0.886303722858429, 0.8864501714706421, 0.886279284954071, 0.886181652545929, 0.8857421875, 0.8855224847793579, 0.8852294683456421, 0.885083019733429, 0.884936511516571, 0.8845459222793579, 0.884472668170929, 0.884033203125, 0.883837878704071, 0.8836669921875, 0.8835693597793579, 0.8834228515625, 0.8831787109375, 0.8828125, 0.8824707269668579, 0.8823486566543579, 0.882080078125, 0.8817383050918579, 0.8815673589706421, 0.8813720941543579, 0.881274402141571, 0.8810058832168579, 0.8809570074081421, 0.8808349370956421, 0.8807373046875, 0.880615234375, 0.8804687261581421, 0.880322277545929, 0.8802490234375, 0.880078136920929, 0.879809558391571, 0.8797607421875, 0.8796142339706421, 0.879321277141571, 0.879077136516571, 0.8789306879043579, 0.878735363483429, 0.878588855266571, 0.878588855266571, 0.8782714605331421, 0.8781493902206421, 0.878002941608429, 0.877685546875, 0.8772948980331421]}