{"loss": [0.19474640488624573, 0.14494827389717102, 0.13101854920387268, 0.12500548362731934, 0.12146754562854767, 0.11914744228124619, 0.11749397218227386, 0.11621840298175812, 0.11514148116111755, 0.11419310420751572, 0.11332055181264877, 0.11249274015426636, 0.11169733852148056, 0.11092790216207504, 0.11017528921365738, 0.10943679511547089, 0.10871599614620209, 0.10800404101610184, 0.10730257630348206, 0.10660987347364426, 0.10592792183160782, 0.10525975376367569, 0.10460126399993896, 0.10395705699920654, 0.10332266986370087, 0.10270743817090988, 0.102100670337677, 0.10150588303804398, 0.10092326998710632, 0.10035578161478043, 0.09979340434074402, 0.09925433993339539, 0.09872038662433624, 0.09820441156625748, 0.09771589934825897, 0.09724927693605423, 0.09680218249559402, 0.09634674340486526, 0.09587380290031433, 0.09541690349578857, 0.09497276693582535, 0.09454242885112762, 0.09414760768413544, 0.09376269578933716, 0.09339223802089691, 0.09303174167871475, 0.09267421811819077, 0.09232325851917267, 0.09199699759483337, 0.09167618304491043], "accuracy": [0.2367365062236786, 0.3167554438114166, 0.3702769875526428, 0.39012783765792847, 0.4015447497367859, 0.408066987991333, 0.41225141286849976, 0.41545337438583374, 0.4180930256843567, 0.42063209414482117, 0.4235321879386902, 0.4263139069080353, 0.4288352131843567, 0.43088898062705994, 0.4332919120788574, 0.4356415867805481, 0.4379202127456665, 0.44038233160972595, 0.4431581497192383, 0.44582149386405945, 0.44823625683784485, 0.4509824812412262, 0.45386481285095215, 0.45627960562705994, 0.4582090377807617, 0.4608546495437622, 0.4631096124649048, 0.4651692807674408, 0.4670809805393219, 0.46939513087272644, 0.4713423252105713, 0.47342565655708313, 0.47578126192092896, 0.4782848060131073, 0.47987690567970276, 0.48180633783340454, 0.48367661237716675, 0.48527461290359497, 0.4869258999824524, 0.4884706437587738, 0.4898851811885834, 0.49103930592536926, 0.4921223819255829, 0.4934481680393219, 0.4948626756668091, 0.4962121248245239, 0.49752604961395264, 0.4984966814517975, 0.49950283765792847, 0.5004971623420715], "val_loss": [0.15390120446681976, 0.13614486157894135, 0.1280582696199417, 0.12423747032880783, 0.12205161154270172, 0.12082155793905258, 0.12022152543067932, 0.11986937373876572, 0.1197064071893692, 0.11963514238595963, 0.1196461170911789, 0.11968614906072617, 0.11979654431343079, 0.11991782486438751, 0.12011125683784485, 0.12034466117620468, 0.12060263007879257, 0.12090187519788742, 0.12121795862913132, 0.12152443826198578, 0.12188069522380829, 0.12225497514009476, 0.12263909727334976, 0.12305162101984024, 0.12346635013818741, 0.12391693145036697, 0.124368816614151, 0.12483547627925873, 0.12531326711177826, 0.12577731907367706, 0.12625689804553986, 0.12673458456993103, 0.12724103033542633, 0.12766903638839722, 0.12815196812152863, 0.12869083881378174, 0.12928380072116852, 0.12977316975593567, 0.1304004192352295, 0.13122248649597168, 0.13220393657684326, 0.1330440640449524, 0.13360074162483215, 0.13396693766117096, 0.13432735204696655, 0.13465090095996857, 0.13518914580345154, 0.13566331565380096, 0.13621807098388672, 0.13679702579975128], "val_accuracy": [0.275533527135849, 0.353372722864151, 0.3793349862098694, 0.39443597197532654, 0.39953315258026123, 0.4018673896789551, 0.4031059443950653, 0.4037252366542816, 0.4044874310493469, 0.40424925088882446, 0.40420159697532654, 0.40467798709869385, 0.4037252366542816, 0.40229612588882446, 0.402200847864151, 0.40167683362960815, 0.40062880516052246, 0.3999142646789551, 0.398580402135849, 0.3973894715309143, 0.3959127366542816, 0.39672255516052246, 0.39672255516052246, 0.39548400044441223, 0.392578125, 0.3920064866542816, 0.3920064866542816, 0.3903391659259796, 0.39010098576545715, 0.38991042971611023, 0.3880525827407837, 0.3877667784690857, 0.3871951103210449, 0.3862423896789551, 0.38633763790130615, 0.38543254137039185, 0.38571837544441223, 0.3853372633457184, 0.3832412362098694, 0.3816215693950653, 0.38200268149375916, 0.38166919350624084, 0.38124048709869385, 0.3817644715309143, 0.38333651423454285, 0.38276487588882446, 0.38214558362960815, 0.380859375, 0.37928736209869385, 0.37866806983947754]}