{"loss": [0.30389049649238586], "accuracy": [0.16203835606575012]}